City,Temperature_C,Humidity_Percent,AirPressure_hPa,WindSpeed_kmh,Radiation_Wm2,HeatwaveLikelihood_Percent
Churu,46.32,31.4,999.97,8.01,765.44,93.66
Churu,29.34,47.06,1010.65,11.1,353.04,0.18
Jaipur,42.2,32.91,1001.53,11.34,600.94,61.41
Bikaner,36.43,45.9,1003.41,14.34,444.68,5.8
Sri Ganganagar,38.74,38.35,1008.35,12.53,542.05,13.38
Jodhpur,50.21,21.79,1007.21,15.46,724.35,96.79
Churu,43.72,36.94,1005.31,12.07,586.52,54.02
Jaisalmer,43.24,32.81,993.72,7.36,632.16,84.75
Churu,47.37,16.74,997.67,14.86,711.67,98.09
Churu,30.04,39.92,997.58,17.87,365.11,2.08
Jaisalmer,50.2,17.25,1006.08,9.78,729.08,97.26
Jodhpur,50.7,20.92,1005.45,19.15,795.82,98.75
Jodhpur,41.94,34.12,1006.69,9.52,596.39,40.44
Churu,35.15,45.75,1000.24,18.17,490.61,9.0
Jodhpur,36.81,33.52,1008.4,10.93,521.85,8.8
Bikaner,30.48,44.95,1003.93,14.46,315.16,0.56
Nagaur,31.2,48.16,1016.76,22.11,440.63,0.36
Bikaner,49.38,28.12,1008.38,15.29,747.48,94.57
Bikaner,37.58,35.7,1008.12,12.36,487.97,8.7
Nagaur,30.53,42.51,998.1,15.48,406.0,2.28
Churu,31.79,36.66,1019.95,8.52,454.76,0.32
Sri Ganganagar,49.69,26.39,992.44,9.28,796.52,99.33
Jodhpur,33.84,45.25,999.65,10.21,473.42,4.77
Sri Ganganagar,28.85,46.45,1017.99,13.04,377.33,0.09
Jaisalmer,40.21,44.61,994.27,10.19,576.55,50.52
Sri Ganganagar,33.47,37.53,1011.9,21.03,504.07,2.76
Barmer,46.78,26.01,1004.87,23.67,691.24,93.58
Barmer,41.59,25.66,1004.1,8.69,613.57,58.01
Jodhpur,37.14,44.1,1004.76,19.85,549.53,13.99
Jaisalmer,49.27,23.95,1005.39,19.22,753.88,97.31
Jodhpur,39.88,35.43,1006.53,13.27,571.11,27.11
Jodhpur,36.03,41.58,1006.08,15.25,508.43,7.05
Sri Ganganagar,47.57,31.7,1011.81,16.83,695.7,82.2
Jodhpur,28.12,47.76,999.7,19.25,405.1,0.88
Jodhpur,32.05,42.93,1003.28,11.69,378.33,1.33
Sri Ganganagar,47.53,31.58,1012.35,12.77,671.43,75.98
Churu,33.76,42.82,1005.23,18.55,452.5,3.37
Barmer,46.28,42.39,1003.53,6.97,677.67,75.73
Jaipur,39.48,42.92,1006.06,5.08,546.94,13.14
Nagaur,36.51,40.85,1004.16,9.77,442.65,5.75
Churu,34.17,29.23,1003.53,19.48,447.73,8.68
Barmer,41.11,35.04,999.79,19.29,588.06,62.55
Jodhpur,47.52,29.57,999.23,4.99,720.06,94.29
Jaisalmer,46.63,30.94,1022.27,16.85,730.81,56.72
Sri Ganganagar,37.13,38.22,1002.38,23.45,487.24,18.67
Barmer,38.71,27.35,1005.98,11.93,545.97,26.1
Bikaner,28.89,47.88,996.26,18.83,345.64,1.12
Bikaner,32.96,38.38,1006.14,14.23,413.29,2.05
Churu,44.09,30.38,1000.96,21.96,622.24,84.85
Jaisalmer,28.58,42.56,1014.02,12.33,347.78,0.13
Jaisalmer,33.52,42.4,1007.86,24.67,458.35,3.11
Jaipur,42.07,25.33,1001.27,20.33,574.95,73.94
Jodhpur,35.86,42.63,1007.62,11.59,407.79,2.63
Jaipur,37.17,45.55,1011.04,13.36,496.35,3.86
Jaisalmer,49.47,41.47,1003.0,18.86,798.22,96.47
Sri Ganganagar,42.78,32.57,1001.66,14.57,642.45,73.09
Jaisalmer,41.19,34.95,1002.47,16.23,632.82,58.99
Jodhpur,50.11,22.46,1003.52,18.42,729.35,98.09
Jaisalmer,35.83,39.02,996.04,8.79,544.08,20.67
Barmer,48.18,30.88,1005.92,9.86,690.87,89.42
Jodhpur,41.08,41.98,1006.48,12.16,563.46,25.38
Sri Ganganagar,35.84,46.93,1002.43,11.96,501.56,6.7
Jodhpur,40.29,22.43,1003.57,11.05,559.28,49.14
Bikaner,28.25,48.37,1005.11,14.48,378.29,0.33
Churu,29.92,46.09,1001.49,6.8,395.25,0.72
Jaipur,46.21,25.3,1003.02,3.55,748.53,91.06
Churu,40.56,38.89,1006.4,14.28,578.42,29.31
Nagaur,44.12,28.52,1004.54,6.76,583.9,63.54
Bikaner,33.44,42.49,1009.11,20.63,409.81,1.69
Barmer,45.87,18.94,1010.97,12.49,671.56,81.63
Bikaner,41.14,38.12,1007.67,16.77,615.92,37.5
Barmer,41.42,33.04,1005.8,17.45,575.47,45.66
Nagaur,38.04,27.48,1007.29,13.16,542.05,20.42
Barmer,50.29,36.08,1004.49,11.84,825.69,97.08
Jaipur,44.03,38.15,999.89,13.28,614.5,74.12
Sri Ganganagar,42.26,28.54,1000.66,3.38,585.7,59.72
Jaisalmer,34.12,34.26,1001.03,11.53,458.12,7.08
Jodhpur,35.12,42.74,1009.58,17.71,537.21,4.59
Jaisalmer,29.9,45.81,1010.7,12.45,337.47,0.22
Nagaur,46.64,19.79,1009.77,13.43,735.08,90.19
Barmer,31.08,45.63,1014.9,15.6,413.15,0.32
Churu,45.69,27.75,995.15,7.16,689.78,94.24
Jodhpur,45.41,29.58,1001.06,20.38,659.73,90.62
Jaisalmer,47.6,37.7,1011.64,12.76,741.67,79.75
Sri Ganganagar,39.04,42.94,1002.19,19.75,569.75,30.56
Churu,31.14,35.21,1012.55,18.43,400.97,0.76
Bikaner,40.59,38.74,1003.39,15.1,501.29,28.24
Jodhpur,49.84,16.64,1002.25,15.92,741.79,98.64
Jaipur,35.99,40.89,997.74,16.43,411.33,11.0
Churu,30.95,38.55,1007.8,17.74,391.38,0.99
Barmer,39.85,35.53,1005.79,17.08,542.16,28.19
Jaisalmer,34.41,40.06,999.66,11.23,417.42,5.32
Nagaur,35.59,36.28,1003.29,23.82,478.77,12.63
Sri Ganganagar,48.09,31.16,999.68,10.32,734.84,95.8
Churu,40.34,34.48,1004.23,14.96,636.03,47.87
Jaisalmer,45.19,32.69,1004.78,29.39,704.24,90.34
Jaipur,47.95,21.21,994.51,15.47,689.48,98.43
Bikaner,28.46,41.23,1002.46,10.13,344.28,0.47
Jodhpur,35.89,28.23,1002.66,12.51,578.89,22.66
Bikaner,40.35,42.26,1006.64,8.81,564.75,19.25
Jodhpur,35.76,40.37,1008.83,13.94,424.18,2.99
Nagaur,41.93,31.26,1002.52,11.71,575.75,55.47
Bikaner,47.57,28.3,1007.4,13.96,720.29,90.55
Nagaur,43.38,32.12,1007.25,5.65,648.55,54.83
Bikaner,32.72,45.49,1001.02,23.23,445.54,4.23
Nagaur,34.64,34.67,1006.14,27.92,405.05,6.12
Jodhpur,36.49,48.84,994.8,7.0,512.05,14.52
Sri Ganganagar,46.63,32.55,997.36,16.65,742.95,96.24
Sri Ganganagar,41.94,31.99,1004.51,16.26,626.68,60.68
Jaisalmer,30.86,44.99,1005.82,16.44,464.66,1.3
Sri Ganganagar,45.97,31.68,1006.59,16.58,692.57,84.52
Jaipur,46.74,29.71,1013.37,18.36,674.19,75.92
Jodhpur,43.71,40.15,1001.45,15.25,664.98,74.26
Jodhpur,45.2,21.9,1003.3,12.8,692.43,90.19
Nagaur,29.53,46.68,997.92,4.66,346.99,0.67
Barmer,35.7,40.99,1002.57,17.16,579.48,15.26
Churu,41.18,38.67,1007.43,12.24,570.27,27.81
Jaisalmer,45.54,27.73,1007.32,20.43,647.87,82.85
Jaipur,39.19,42.89,1001.75,14.14,545.95,25.1
Bikaner,40.48,30.65,997.7,5.11,634.53,62.83
Churu,34.62,44.19,1005.87,18.34,431.74,3.22
Barmer,49.44,34.47,1005.54,15.08,753.58,94.91
Jaisalmer,45.74,26.11,1002.22,12.35,650.48,88.23
Jaisalmer,47.29,27.98,1008.38,5.54,758.49,87.84
Jodhpur,45.12,32.96,1000.08,9.42,667.96,85.18
Bikaner,40.36,33.49,1007.09,20.35,539.74,32.41
Jodhpur,41.5,35.86,996.13,19.19,565.12,70.6
Barmer,42.54,31.11,998.09,26.87,614.13,85.32
Jaipur,37.14,44.61,1002.78,11.76,429.53,6.6
Jodhpur,28.84,59.01,1000.14,20.94,300.0,0.33
Bikaner,39.07,43.89,1004.05,12.51,520.54,15.85
Churu,49.76,18.2,998.65,8.45,811.78,99.13
Churu,50.52,30.6,991.55,10.15,730.32,99.14
Churu,28.45,47.04,1005.08,16.5,316.03,0.28
Churu,44.58,36.67,1005.41,12.62,606.12,63.05
Churu,48.62,28.01,996.45,18.62,713.69,98.23
Churu,42.37,37.66,1001.11,12.35,604.78,59.55
Bikaner,42.36,38.88,992.8,5.23,586.6,71.61
Bikaner,50.41,22.81,1003.73,15.42,755.0,98.22
Churu,46.4,26.79,1002.76,15.54,612.73,88.03
Jaipur,37.26,40.83,998.41,8.78,507.76,17.46
Jaipur,31.95,34.9,1007.97,24.03,449.78,2.72
Jaisalmer,44.56,25.94,998.77,9.47,681.94,89.97
Jaipur,43.3,22.5,997.11,10.88,626.37,87.49
Bikaner,50.05,23.83,1008.53,15.15,764.16,96.54
Sri Ganganagar,41.03,44.38,1002.32,14.48,591.65,38.9
Jodhpur,34.21,34.63,1005.59,15.18,471.05,5.25
Barmer,41.73,39.02,1000.23,13.83,667.92,66.57
Barmer,41.76,29.25,1003.36,12.46,571.33,54.39
Barmer,49.1,19.31,1001.5,19.32,734.55,98.42
Sri Ganganagar,42.7,36.33,1008.25,14.2,614.98,45.5
Jaisalmer,39.26,37.89,1005.15,15.36,501.55,19.01
Jaisalmer,35.2,41.59,1001.78,13.04,473.36,6.98
Barmer,49.72,30.93,1002.14,11.67,776.39,97.3
Jaisalmer,42.82,25.81,1010.65,9.72,726.52,64.17
Barmer,44.01,37.26,998.92,13.07,620.67,77.49
Jodhpur,40.38,40.77,1008.12,0.76,602.08,16.43
Bikaner,33.36,45.21,1005.23,20.12,419.11,2.36
Jaipur,28.86,59.12,1002.42,10.61,304.72,0.17
Nagaur,37.61,45.29,1001.74,11.9,511.68,12.64
Nagaur,34.83,42.44,1008.5,6.04,498.42,2.5
Jaipur,50.72,14.61,996.36,8.65,786.22,99.51
Jaisalmer,46.35,31.46,995.38,18.16,688.67,96.06
Jaisalmer,31.84,43.99,1007.69,15.45,517.36,1.87
Jaisalmer,29.08,43.84,1005.12,16.58,417.2,0.7
Churu,48.33,24.81,996.88,17.98,757.83,98.65
Sri Ganganagar,48.64,37.54,999.37,2.77,686.4,91.69
Barmer,30.98,45.45,1007.03,17.29,484.03,1.32
Barmer,34.47,39.35,1005.34,16.76,468.05,4.82
Sri Ganganagar,43.71,13.88,999.09,20.03,646.59,93.93
Sri Ganganagar,43.23,37.29,1004.18,14.79,693.37,71.04
Sri Ganganagar,43.14,35.96,1006.06,19.33,669.37,67.98
Churu,44.08,31.9,1002.6,13.79,661.62,79.51
Churu,46.99,26.15,998.78,10.55,711.69,95.52
Bikaner,40.79,30.15,1008.19,17.26,504.56,28.52
Sri Ganganagar,33.98,44.25,1015.72,12.46,466.32,0.83
Nagaur,28.42,52.51,1004.55,8.07,341.67,0.19
Jaipur,30.36,45.52,1007.49,13.07,376.25,0.47
Jodhpur,45.73,28.1,1012.37,11.07,745.62,77.11
Barmer,30.99,51.84,1005.02,11.22,479.1,0.93
Nagaur,38.78,36.67,1010.01,11.29,579.06,14.19
Sri Ganganagar,29.89,50.71,1012.07,12.89,338.23,0.15
Jaipur,48.92,24.36,1010.41,8.42,679.69,88.04
Nagaur,33.29,35.45,1012.23,13.59,489.89,1.93
Sri Ganganagar,31.66,42.54,999.32,12.15,416.86,2.49
Jaipur,31.02,50.23,1007.8,8.85,402.34,0.42
Jodhpur,41.97,34.86,995.81,11.13,582.85,70.56
Nagaur,41.39,37.82,1000.53,11.77,515.35,40.67
Sri Ganganagar,38.69,31.63,1012.29,20.08,572.03,17.71
Bikaner,45.94,28.94,1000.25,12.68,656.73,90.14
Jodhpur,41.13,33.8,1001.91,10.95,540.49,42.72
Sri Ganganagar,28.22,47.82,995.56,12.76,326.77,0.72
Jodhpur,46.96,21.11,997.42,18.6,713.45,97.81
Jaisalmer,31.85,44.53,1001.23,23.06,433.65,3.2
Sri Ganganagar,49.79,31.54,1005.33,12.32,838.74,97.32
Barmer,48.58,33.01,1003.7,24.38,692.89,95.23
Jodhpur,31.77,51.66,1002.93,22.66,460.9,2.09
Jodhpur,48.05,21.79,1000.15,17.09,756.09,98.07
Barmer,31.72,45.81,995.26,9.78,416.39,3.14
Barmer,43.65,30.07,995.11,16.0,657.5,90.82
Jaipur,47.46,34.46,1006.67,14.14,763.55,90.71
Jaisalmer,47.94,19.25,1012.82,13.47,780.18,92.44
Jaisalmer,41.75,36.25,1009.41,7.61,535.51,21.22
Jaisalmer,42.53,29.35,1005.6,16.47,621.89,63.94
Churu,42.55,33.6,991.99,10.48,606.19,84.09
Jodhpur,33.69,40.53,1010.26,2.83,461.76,1.17
Jaisalmer,30.19,38.18,1010.84,19.24,377.63,0.56
Jaipur,35.48,37.18,1006.41,13.77,503.71,6.69
Barmer,48.33,17.08,999.46,23.76,692.26,98.53
Jodhpur,37.91,40.33,997.35,9.81,549.21,28.18
Bikaner,36.73,30.09,1010.52,21.47,514.16,11.23
Sri Ganganagar,46.53,33.62,1004.21,12.7,675.69,85.55
Jaisalmer,50.69,22.7,1000.14,14.75,739.38,98.79
Barmer,38.4,35.65,1006.48,11.06,537.58,15.65
Jaisalmer,37.14,47.72,1003.36,14.34,530.52,10.29
Sri Ganganagar,39.86,45.58,1003.32,19.54,521.86,23.81
Jaisalmer,44.86,28.17,1001.14,10.4,672.78,86.52
Nagaur,47.97,29.77,998.22,13.85,789.55,97.83
Jodhpur,47.11,29.76,1005.47,14.99,683.6,89.25
Bikaner,43.56,34.63,997.75,22.17,584.22,82.22
Jaisalmer,36.02,40.69,999.04,18.01,478.38,14.63
Jodhpur,48.03,28.68,1009.97,16.82,724.71,90.01
Jaipur,45.6,28.84,1007.0,17.95,651.13,81.68
Jodhpur,30.76,43.37,1005.46,8.52,342.16,0.5
Churu,40.96,38.42,993.07,19.32,673.11,83.49
Barmer,33.23,42.62,1001.52,19.45,505.45,6.35
Nagaur,39.51,38.6,1004.37,14.45,509.93,21.27
Churu,40.27,41.65,1006.78,16.97,605.05,29.46
Barmer,39.99,33.66,1010.31,14.65,580.99,22.94
Barmer,29.39,44.67,1008.36,13.83,336.94,0.28
Sri Ganganagar,40.03,37.58,1005.03,26.28,605.71,46.29
Jaisalmer,42.04,28.01,1008.4,9.09,593.69,42.74
Barmer,30.83,45.81,1007.35,11.09,365.19,0.46
Jodhpur,41.05,40.94,1003.47,11.11,587.41,36.09
Jaisalmer,30.58,57.15,1007.48,16.9,442.92,0.49
Sri Ganganagar,37.45,31.33,1000.92,10.41,555.96,27.45
Barmer,47.58,32.57,1005.71,11.16,719.67,89.44
Churu,41.49,36.13,1000.1,12.23,611.0,59.37
Jodhpur,32.1,37.58,1001.48,16.79,376.28,2.61
Jodhpur,36.99,37.57,1017.35,9.98,577.4,3.66
Nagaur,38.25,41.96,1001.66,5.75,576.39,19.14
Sri Ganganagar,34.31,35.19,1001.3,11.07,455.6,6.68
Jodhpur,47.13,25.26,1003.96,7.27,727.35,92.29
Sri Ganganagar,42.97,22.06,1005.42,20.14,571.08,71.5
Churu,36.7,28.54,1001.35,9.88,513.15,20.35
Jaipur,32.03,38.01,1008.34,9.43,425.83,1.12
Jodhpur,46.9,28.0,1004.88,9.43,678.94,87.75
Barmer,31.51,49.56,1005.98,25.6,428.83,1.4
Jaisalmer,46.12,30.37,1008.09,7.81,677.19,76.48
Jaipur,28.83,40.82,1001.23,10.48,355.42,0.66
Barmer,33.5,48.05,1005.17,14.97,445.12,2.04
Jaisalmer,39.86,35.11,1008.21,14.41,559.54,23.06
Barmer,43.51,40.36,1004.77,12.19,611.16,53.77
Nagaur,29.86,39.2,1003.76,8.82,436.02,1.06
Bikaner,41.18,34.44,1007.37,4.15,578.51,26.69
Churu,39.2,42.75,1006.91,14.05,499.17,12.08
Jodhpur,46.98,24.02,1004.71,18.75,556.1,86.35
Churu,50.15,27.39,1002.75,4.99,722.87,96.15
Nagaur,48.15,30.48,1000.48,5.72,762.97,95.54
Churu,29.41,44.52,1013.04,14.74,361.92,0.19
Jodhpur,37.9,33.56,1008.59,16.74,491.26,11.73
Jodhpur,39.72,27.61,1008.6,16.5,652.45,43.17
Churu,44.66,28.18,1009.94,7.64,703.68,69.51
Barmer,37.52,40.18,1008.17,11.12,417.81,4.45
Nagaur,46.18,37.57,1007.04,16.29,629.46,73.35
Jaipur,28.28,41.75,1005.6,4.2,437.44,0.41
Bikaner,34.12,38.93,1007.65,19.46,481.45,4.13
Jaipur,37.07,45.28,1003.39,10.65,554.91,11.25
Jodhpur,46.6,27.41,1001.11,13.56,690.99,93.14
Sri Ganganagar,38.61,43.44,1010.28,15.38,573.03,11.04
Churu,48.46,31.6,1002.08,10.98,715.18,94.4
Sri Ganganagar,29.95,43.22,1006.43,7.26,346.24,0.35
Barmer,50.33,19.29,993.56,20.28,759.43,99.63
Sri Ganganagar,34.1,43.94,1011.44,7.74,439.63,1.02
Jodhpur,33.87,40.07,1004.33,13.86,478.71,4.27
Churu,50.28,21.51,1007.1,14.29,761.7,97.41
Jaipur,49.17,37.65,1004.73,15.15,694.67,91.97
Jodhpur,36.56,29.75,994.78,16.9,509.99,39.8
Nagaur,49.35,25.42,1012.81,7.94,779.74,91.31
Churu,47.47,26.69,1004.29,12.76,764.75,94.81
Sri Ganganagar,45.21,23.32,1004.39,13.27,645.17,85.26
Nagaur,50.65,23.88,1001.97,18.06,780.77,98.89
Churu,39.23,33.65,999.41,21.39,532.37,46.77
Jodhpur,39.69,38.14,995.24,17.77,575.71,59.53
Churu,48.17,20.86,1001.61,20.63,723.02,97.76
Bikaner,44.71,36.73,1001.18,15.3,594.73,75.28
Sri Ganganagar,46.75,35.97,1007.71,17.43,598.93,73.66
Bikaner,28.12,42.96,1009.02,13.4,368.95,0.24
Barmer,45.39,29.08,1009.3,8.64,663.33,70.1
Churu,38.32,39.63,1005.95,5.51,594.01,15.13
Jaipur,28.04,44.99,1003.73,6.78,300.0,0.2
Churu,39.06,33.12,1005.06,21.71,629.37,44.23
Bikaner,29.21,58.35,1003.92,12.47,374.48,0.27
Barmer,39.46,41.12,1000.83,18.74,583.56,39.87
Sri Ganganagar,39.97,30.51,1002.49,9.61,596.7,44.31
Churu,33.07,49.49,1008.19,8.88,515.5,1.42
Bikaner,39.41,38.31,999.37,15.52,500.35,32.38
Jaisalmer,35.69,36.67,1008.5,4.52,495.3,3.83
Jaipur,29.29,43.65,1008.25,10.54,300.0,0.2
Bikaner,46.46,22.69,988.67,13.86,753.18,99.08
Jodhpur,45.94,26.73,1001.38,17.64,666.03,92.02
Jodhpur,50.0,20.12,998.04,15.78,737.19,99.03
Sri Ganganagar,50.42,19.23,992.75,11.6,782.14,99.6
Jodhpur,39.21,23.66,1008.54,17.68,540.6,30.39
Jaisalmer,44.85,24.84,1003.96,12.71,690.3,86.77
Jaisalmer,37.63,41.79,999.76,8.45,546.06,19.07
Sri Ganganagar,35.78,40.76,1003.98,9.88,483.47,6.19
Nagaur,40.91,29.01,1004.17,16.14,610.07,55.97
Jodhpur,46.21,39.66,1007.77,16.76,660.36,73.76
Jaisalmer,31.81,40.95,1015.28,22.85,377.26,0.51
Nagaur,34.68,38.81,1005.92,14.36,469.43,4.5
Barmer,46.08,25.69,999.09,11.59,637.39,91.65
Nagaur,45.34,24.79,1005.5,21.91,677.4,89.33
Jodhpur,28.62,46.07,1002.03,14.42,396.5,0.65
Bikaner,46.36,24.62,992.4,9.93,672.3,96.98
Jaipur,50.18,25.38,995.28,18.6,722.57,99.16
Bikaner,34.36,45.89,997.94,0.2,506.98,5.31
Nagaur,46.25,32.92,1000.92,12.67,697.75,90.57
Sri Ganganagar,39.66,33.21,1004.5,20.78,528.14,34.27
Sri Ganganagar,31.5,53.81,999.94,14.12,469.46,1.88
Sri Ganganagar,50.73,18.98,1002.18,9.39,806.15,98.94
Bikaner,48.28,20.77,1001.48,14.16,704.44,96.93
Jodhpur,28.68,43.81,1008.49,15.47,359.16,0.29
Bikaner,47.74,28.1,1009.43,8.97,750.88,88.66
Barmer,48.73,19.63,1008.11,17.68,700.46,95.04
Bikaner,35.71,42.02,1000.44,11.17,472.35,8.38
Jodhpur,45.01,32.22,997.18,23.72,591.31,90.18
Jodhpur,47.35,29.67,1002.78,9.48,711.33,92.1
Sri Ganganagar,30.45,39.94,1007.95,18.34,378.9,0.75
Churu,35.02,45.12,998.16,17.62,503.1,11.75
Jaipur,48.67,30.62,1004.43,6.2,665.0,89.63
Nagaur,47.88,16.25,1007.05,11.32,704.31,94.21
Sri Ganganagar,28.63,49.08,1010.13,19.02,443.52,0.34
Bikaner,47.08,31.22,1001.01,15.7,667.54,92.43
Jaipur,29.57,36.93,1008.21,17.73,342.86,0.53
Jodhpur,29.11,50.64,1014.19,13.48,363.18,0.11
Jodhpur,34.56,32.31,1002.34,15.77,523.84,12.45
Jaipur,29.46,47.27,1011.4,15.33,402.02,0.27
Jodhpur,29.49,42.92,1006.78,13.62,411.8,0.58
Churu,41.84,32.47,1008.49,22.06,651.79,57.18
Bikaner,46.14,35.87,1008.62,12.19,656.46,71.02
Bikaner,39.22,37.9,1004.83,21.4,576.34,32.45
Jodhpur,34.19,45.35,1003.79,18.03,469.59,4.25
Barmer,34.37,33.6,1004.43,6.48,495.0,5.4
Sri Ganganagar,41.59,39.21,1004.37,11.58,625.64,45.06
Churu,46.46,30.94,1016.69,15.89,675.05,62.73
Jodhpur,46.78,32.46,1000.11,19.19,691.56,94.01
Churu,48.11,36.4,1002.48,10.46,651.38,88.47
Bikaner,44.79,31.93,1007.13,18.21,605.54,69.89
Jodhpur,46.95,28.78,999.88,10.46,704.76,93.92
Nagaur,46.41,25.24,1004.38,19.66,769.31,95.19
Jodhpur,29.63,44.24,1002.31,14.84,397.07,0.93
Jodhpur,42.87,33.29,1008.14,8.3,617.9,45.33
Jodhpur,42.09,34.82,1006.87,14.29,573.81,41.42
Sri Ganganagar,46.86,29.72,1012.48,9.82,685.37,73.38
Churu,29.01,46.79,1000.51,20.33,333.46,0.73
Jodhpur,29.55,50.69,1003.89,10.31,371.18,0.39
Jodhpur,35.05,38.63,1011.91,16.64,496.36,3.18
Bikaner,41.32,31.88,1004.96,12.64,586.82,45.86
Bikaner,43.83,25.71,1001.37,8.47,626.4,78.95
Sri Ganganagar,45.52,28.7,1005.32,2.25,678.81,77.21
Barmer,35.83,38.41,1001.06,19.55,443.67,11.03
Jaipur,40.21,36.14,1009.76,9.31,575.54,18.93
Jodhpur,31.23,41.4,1005.24,16.73,408.45,1.33
Bikaner,30.28,35.88,998.2,9.81,373.37,1.93
Jaipur,34.65,39.88,1005.95,15.2,505.9,5.38
Bikaner,40.54,35.47,1000.03,13.91,591.68,52.91
Jaipur,40.46,37.73,1006.44,4.99,552.56,20.11
Sri Ganganagar,44.31,30.85,996.74,8.43,673.38,88.38
Barmer,40.83,38.98,994.75,13.14,536.56,57.18
Churu,46.79,31.37,999.71,9.49,730.56,93.71
Nagaur,41.1,27.76,1006.32,11.67,581.48,43.67
Jodhpur,44.35,38.97,1011.16,11.03,560.39,33.86
Nagaur,31.01,42.19,1006.75,10.67,439.02,0.95
Nagaur,28.79,41.66,1005.83,13.74,429.93,0.64
Churu,36.63,33.84,1001.24,11.02,560.36,21.31
Barmer,49.13,32.68,998.47,13.47,768.56,97.82
Bikaner,47.03,30.04,1010.4,19.83,684.41,84.4
Sri Ganganagar,33.53,35.96,1000.72,17.61,415.02,5.75
Jaisalmer,38.97,41.65,1008.89,10.14,563.7,11.91
Nagaur,42.82,29.54,1008.65,15.06,685.85,64.68
Nagaur,28.2,44.12,1010.05,16.58,382.3,0.25
Jaipur,28.13,47.77,1006.51,10.9,364.87,0.22
Churu,39.22,34.97,1000.39,10.62,546.1,33.94
Barmer,40.63,39.85,1013.31,10.42,590.79,13.97
Jaisalmer,46.27,27.83,1003.47,13.19,650.55,87.62
Churu,32.86,40.75,1010.21,10.06,418.57,0.96
Churu,48.84,24.84,992.65,17.18,675.56,98.8
Jaipur,28.77,44.19,998.77,10.49,387.28,0.89
Churu,39.57,46.37,997.61,10.76,565.84,33.57
Sri Ganganagar,40.1,27.07,1002.9,8.58,527.23,37.13
Nagaur,39.96,37.0,1001.46,13.87,494.59,29.47
Nagaur,48.29,29.5,1006.82,10.72,653.61,87.37
Jodhpur,28.0,43.87,1005.88,18.78,308.74,0.27
Churu,41.42,23.22,1001.64,14.92,549.35,63.58
Jaisalmer,35.21,41.11,1005.69,18.25,474.23,5.65
Sri Ganganagar,49.54,21.72,1004.28,14.39,715.44,97.02
Bikaner,42.55,35.06,999.54,14.96,614.68,71.47
Bikaner,30.98,46.01,1006.14,13.07,334.01,0.49
Barmer,42.82,31.49,1001.33,14.0,640.73,74.48
Jodhpur,38.95,37.49,999.99,12.57,560.15,34.21
Jaipur,46.91,26.11,1005.38,12.15,774.53,93.63
Sri Ganganagar,42.9,35.34,1007.34,13.51,600.79,47.97
Sri Ganganagar,42.99,27.66,1009.18,8.05,685.49,59.8
Sri Ganganagar,38.77,32.19,1004.96,14.57,531.39,24.49
Jodhpur,30.56,35.72,1006.01,6.37,350.81,0.63
Nagaur,44.32,26.39,1009.33,12.73,661.43,69.93
Jaipur,38.67,36.44,1006.93,8.1,586.71,17.83
Bikaner,34.15,38.64,1003.2,15.16,504.56,6.77
Jaisalmer,45.71,28.1,1004.1,18.9,639.16,86.72
Jaisalmer,33.14,46.64,1014.62,23.41,473.88,1.08
Jaipur,50.41,25.46,1003.66,12.88,812.91,98.42
Nagaur,31.5,44.99,1008.11,14.75,438.49,0.94
Jaipur,45.19,26.33,1003.02,16.69,661.51,88.08
Bikaner,45.87,32.44,998.79,18.16,681.72,92.86
Jodhpur,45.97,23.47,1004.34,16.49,719.07,92.64
Churu,31.77,48.85,1007.82,13.24,434.51,0.8
Nagaur,38.81,37.84,1007.28,8.55,538.34,13.3
Jaisalmer,34.94,36.56,1011.02,17.27,482.38,3.59
Nagaur,38.57,25.37,1011.88,6.88,529.64,12.06
Barmer,43.51,19.61,1006.46,10.19,641.58,74.81
Bikaner,49.88,25.36,1004.18,11.88,679.2,95.65
Barmer,32.05,38.84,1011.78,9.82,486.23,1.04
Sri Ganganagar,50.48,21.31,1004.87,23.02,746.97,98.55
Churu,33.34,49.09,1003.9,15.53,488.25,2.85
Jaipur,28.21,49.88,1004.73,17.14,302.97,0.22
Sri Ganganagar,46.59,28.72,996.4,10.96,714.98,95.86
Barmer,28.67,56.83,1004.46,12.21,336.17,0.19
Sri Ganganagar,50.77,24.19,1005.46,0.0,839.91,97.64
Barmer,37.03,39.21,1005.2,14.5,535.99,12.44
Nagaur,42.31,23.49,1011.7,9.98,637.37,47.68
Jodhpur,32.03,40.93,1008.63,14.53,445.92,1.29
Barmer,40.96,24.92,1000.05,13.09,590.15,67.06
Churu,48.56,33.49,1000.69,12.2,581.3,89.76
Bikaner,32.7,38.0,999.94,11.85,438.1,4.23
Nagaur,29.64,32.34,1006.55,16.18,395.63,1.06
Jaipur,44.72,27.02,1009.36,14.32,703.29,77.41
Jodhpur,40.4,31.74,995.61,17.45,470.85,55.26
Jaipur,44.63,27.46,1000.37,13.86,640.57,86.67
Sri Ganganagar,28.03,50.36,1000.05,17.33,369.11,0.54
Churu,42.02,28.71,999.08,12.21,569.42,68.26
Churu,46.55,35.74,994.42,11.01,693.11,94.74
Churu,45.34,20.92,1003.86,12.38,754.1,93.03
Jodhpur,41.84,38.42,998.73,12.08,609.05,62.34
Jodhpur,44.3,24.68,1002.45,12.63,652.13,84.42
Jaisalmer,44.77,28.12,1006.67,11.32,673.4,77.1
Jaipur,32.91,37.38,1007.33,15.56,420.39,2.02
Sri Ganganagar,40.93,34.04,1007.2,8.54,567.21,28.27
Sri Ganganagar,36.91,36.1,1005.96,16.43,560.23,15.48
Jaisalmer,38.07,40.8,999.28,14.97,583.98,32.44
Jodhpur,40.44,25.67,1000.66,8.82,571.94,54.47
Sri Ganganagar,46.4,17.83,1008.53,11.61,646.69,85.79
Churu,35.28,39.75,1011.47,12.97,462.24,2.4
Churu,41.15,34.2,1000.63,8.99,542.63,44.53
Barmer,37.47,36.97,1007.89,15.32,558.35,13.28
Sri Ganganagar,46.03,26.29,994.56,8.42,723.91,96.39
Jaisalmer,32.72,43.1,1004.89,17.5,469.24,2.79
Churu,32.58,50.02,1002.64,12.53,411.26,1.46
Jaisalmer,49.65,27.38,1002.34,14.57,702.11,96.74
Bikaner,37.28,42.17,1009.58,4.77,479.91,3.62
Bikaner,29.7,47.25,1017.81,17.71,435.25,0.18
Sri Ganganagar,43.11,32.33,1005.51,13.58,629.32,62.7
Nagaur,44.0,26.57,1002.94,24.23,668.9,88.31
Nagaur,50.2,28.86,996.73,18.09,811.03,99.28
Jodhpur,40.09,45.68,999.1,6.78,624.88,37.97
Jaipur,37.39,37.83,1003.11,12.36,454.03,10.8
Jodhpur,33.07,45.72,1012.33,9.84,469.18,0.83
Nagaur,30.34,44.54,1004.58,15.13,377.4,0.76
Churu,46.57,29.74,1004.5,0.0,707.47,83.62
Barmer,41.56,41.28,1010.22,18.04,555.1,23.55
Sri Ganganagar,43.04,27.09,994.16,16.3,566.77,86.54
Sri Ganganagar,29.87,47.63,1007.88,14.38,413.3,0.46
Nagaur,37.14,29.47,1004.89,12.03,573.34,21.9
Jaipur,41.44,24.97,1005.21,18.05,581.18,59.03
Jodhpur,28.81,44.09,1012.49,15.65,400.27,0.23
Nagaur,37.83,47.13,1000.49,11.25,561.41,17.63
Barmer,41.77,35.21,997.16,9.99,500.71,52.56
Sri Ganganagar,49.32,26.94,1000.72,22.75,693.09,97.8
Jodhpur,49.25,25.96,997.59,18.28,770.86,98.89
Churu,43.76,29.59,1000.38,8.57,600.63,74.6
Sri Ganganagar,40.73,38.56,999.56,11.54,601.88,50.86
Churu,49.91,19.36,995.7,17.54,744.83,99.35
Jodhpur,35.33,37.3,1009.87,21.24,486.15,5.2
Churu,47.27,29.83,1005.94,24.28,651.66,90.72
Jaipur,38.56,44.41,1001.02,12.89,443.73,12.86
Jaipur,31.8,43.76,1013.95,12.59,435.43,0.49
Jaisalmer,42.6,27.54,1004.66,10.65,571.92,56.54
Churu,29.33,38.78,1002.78,19.11,457.44,1.79
Churu,45.34,31.57,1007.15,21.45,641.39,79.43
Jaipur,39.5,40.57,1002.87,16.74,645.81,42.01
Jaipur,44.02,34.77,1003.36,15.77,636.61,73.79
Jodhpur,32.74,46.55,1003.92,14.19,377.44,1.36
Jaipur,45.86,34.28,1004.72,9.47,739.84,85.31
Jaipur,42.45,27.06,1007.82,20.22,615.45,62.53
Jodhpur,48.11,25.17,1001.41,15.33,639.56,94.54
Jaipur,32.22,38.78,1004.85,20.19,407.65,2.35
Barmer,34.46,33.85,1004.39,17.32,484.83,7.77
Bikaner,42.91,31.12,1000.25,12.53,672.25,79.82
Sri Ganganagar,49.68,24.99,999.69,14.76,728.88,98.21
Sri Ganganagar,29.58,42.4,994.54,18.49,429.44,3.49
Barmer,49.37,31.18,1000.57,12.05,776.8,97.56
Churu,46.5,29.84,1010.59,20.98,699.65,84.16
Jaipur,36.05,44.58,1008.46,10.0,555.24,5.03
Bikaner,32.48,44.0,1007.44,14.99,443.17,1.44
Barmer,37.96,39.69,1006.37,21.95,539.58,17.61
Bikaner,38.9,31.16,1008.83,10.85,505.88,14.12
Sri Ganganagar,41.79,37.92,1008.03,24.39,655.16,54.27
Jaisalmer,36.8,40.75,1009.63,10.71,542.66,6.11
Nagaur,40.26,41.33,1007.6,14.8,509.52,16.55
Sri Ganganagar,32.39,37.54,1008.65,6.37,453.76,1.27
Churu,45.87,28.35,1009.66,17.7,704.24,82.92
Jodhpur,37.94,38.8,996.48,14.48,518.45,32.22
Nagaur,37.87,37.47,997.16,11.8,592.91,39.18
Jaipur,46.98,25.67,1006.18,10.46,696.74,89.09
Sri Ganganagar,47.01,31.0,1008.16,13.93,684.61,84.15
Churu,28.93,40.99,1004.44,13.8,361.33,0.54
Barmer,37.34,32.5,1009.97,14.18,473.73,7.65
Jaisalmer,40.96,38.88,1005.51,22.17,653.44,52.53
Jaipur,42.68,36.74,1009.45,15.17,571.39,36.09
Sri Ganganagar,41.73,35.11,993.24,17.13,632.51,83.78
Jodhpur,39.59,40.1,1002.29,11.4,564.8,28.81
Barmer,44.03,24.41,1007.73,16.02,597.74,69.17
Bikaner,37.52,30.88,1015.55,13.1,470.6,4.34
Sri Ganganagar,46.46,28.75,1005.82,1.35,670.5,79.02
Jaipur,41.44,35.78,1008.99,14.86,579.97,31.78
Bikaner,36.16,34.8,1003.83,18.66,507.39,14.13
Sri Ganganagar,43.89,31.32,1016.23,20.06,615.8,41.89
Sri Ganganagar,46.46,29.81,1007.13,13.83,700.48,85.75
Churu,45.85,27.38,998.8,3.92,621.17,86.72
Jodhpur,47.61,24.06,1001.97,10.7,674.76,93.89
Bikaner,29.27,51.89,992.92,11.94,353.5,1.21
Sri Ganganagar,34.89,37.68,1003.01,10.15,422.1,4.53
Jaipur,34.96,41.04,1006.19,11.56,464.09,3.66
Churu,34.96,46.8,1006.17,15.18,432.68,2.66
Sri Ganganagar,34.98,40.6,1004.25,15.57,474.19,5.81
Jaisalmer,46.91,27.5,999.78,22.69,677.62,95.82
Sri Ganganagar,40.59,35.28,998.72,14.08,562.47,53.15
Jaipur,45.06,13.32,995.9,11.88,698.47,97.06
Barmer,46.39,30.47,999.5,16.17,576.01,88.14
Sri Ganganagar,32.52,52.0,1013.25,25.09,424.96,0.66
Bikaner,50.32,25.16,1003.31,10.65,735.63,97.37
Sri Ganganagar,32.26,38.2,1001.59,16.21,409.49,3.09
Nagaur,41.89,40.92,1013.89,20.23,577.51,21.61
Sri Ganganagar,46.35,25.06,1001.9,19.9,688.03,94.25
Churu,35.77,39.91,996.29,26.65,514.76,28.92
Bikaner,28.02,48.47,1007.67,20.77,377.83,0.29
Nagaur,34.1,33.99,1006.13,9.0,428.52,3.06
Barmer,28.92,41.4,1002.32,15.46,359.09,0.72
Churu,28.15,50.56,1010.77,20.86,376.95,0.19
Churu,41.73,39.13,1001.91,11.0,552.72,42.0
Sri Ganganagar,33.22,39.9,1015.15,11.84,456.45,0.82
Sri Ganganagar,28.8,35.78,1014.3,12.56,375.95,0.22
Barmer,45.34,26.43,997.58,21.66,654.35,94.49
Jodhpur,41.99,28.94,1000.97,20.11,582.36,71.36
Nagaur,29.28,55.28,1009.93,15.39,315.89,0.12
Jaipur,41.01,33.11,1007.19,14.49,636.07,44.8
Jodhpur,34.5,32.13,1001.54,7.84,426.95,5.95
Sri Ganganagar,49.46,29.01,995.27,8.14,782.22,98.7
Jaisalmer,42.25,33.55,1016.33,17.39,596.71,24.72
Bikaner,50.16,29.22,1009.84,10.98,739.65,93.2
Barmer,47.54,29.1,1003.01,13.62,729.76,94.17
Nagaur,29.42,40.1,1007.08,13.72,394.98,0.58
Jaisalmer,32.36,43.97,1008.77,10.02,406.02,0.79
Sri Ganganagar,46.8,23.46,1011.72,18.66,678.94,84.78
Bikaner,45.42,24.36,997.87,13.28,625.71,91.88
Jaisalmer,32.25,38.57,995.74,15.15,494.94,9.15
Nagaur,43.69,35.19,1010.31,4.97,687.36,49.07
Nagaur,48.76,32.56,998.46,16.72,731.59,97.39
Bikaner,48.08,36.4,1003.89,20.96,629.47,89.57
Bikaner,28.25,49.08,1008.29,14.89,317.99,0.15
Churu,36.32,39.56,1000.37,15.61,490.76,14.09
Jaisalmer,44.99,30.37,1002.19,9.24,658.99,82.21
Jaisalmer,46.16,30.8,1011.03,11.7,615.82,64.61
Nagaur,33.97,40.7,1007.16,11.85,451.66,2.42
Bikaner,28.63,38.85,1006.34,14.15,369.16,0.47
Jodhpur,41.29,39.13,1001.45,13.53,642.17,56.24
Jaipur,46.26,22.82,1004.05,11.8,720.31,92.4
Jaipur,47.34,24.88,996.39,16.42,716.6,97.74
Barmer,45.97,24.68,999.81,13.29,643.19,91.93
Jaisalmer,28.75,33.81,1002.4,16.27,324.23,0.83
Jaisalmer,35.64,35.76,1000.84,21.75,490.28,16.59
Churu,43.22,30.7,1000.37,3.07,669.73,74.5
Sri Ganganagar,29.08,42.74,996.35,21.98,355.1,1.8
Nagaur,43.54,28.68,1004.49,7.99,613.96,65.19
Barmer,28.67,46.82,998.11,11.29,373.32,0.78
Sri Ganganagar,39.56,37.21,1002.79,20.85,615.18,46.26
Barmer,30.1,43.8,1005.04,11.56,441.79,0.89
Jaisalmer,46.96,29.21,1001.71,20.0,696.95,94.46
Nagaur,30.48,44.54,1013.32,6.16,377.97,0.19
Jaisalmer,39.82,38.54,995.2,12.87,559.41,52.81
Barmer,47.06,32.96,1008.37,8.4,663.43,77.03
Barmer,35.95,44.26,1007.52,13.35,516.36,5.04
Sri Ganganagar,42.24,40.18,1002.45,2.31,551.74,34.19
Barmer,49.59,27.63,996.8,10.42,697.41,97.88
Sri Ganganagar,49.09,23.64,1004.33,5.26,808.86,96.94
Jaisalmer,48.65,25.38,998.92,19.24,787.97,98.71
Jaisalmer,29.77,48.41,1002.98,13.4,392.74,0.66
Jodhpur,33.32,38.71,1004.47,14.42,425.03,2.91
Jaisalmer,47.73,23.81,1008.07,18.12,663.2,90.66
Bikaner,37.15,38.06,1006.64,18.76,473.79,9.64
Churu,45.28,29.91,997.68,8.19,648.75,88.79
Churu,33.16,45.02,1002.28,4.07,418.47,1.7
Bikaner,34.61,35.73,998.7,18.21,483.74,14.0
Jaipur,38.17,31.64,996.12,7.81,537.41,39.32
Jaisalmer,32.8,44.84,1003.77,22.43,450.02,3.22
Churu,36.3,47.19,1000.23,21.84,465.1,11.1
Jaipur,33.67,35.01,999.48,18.31,465.68,9.7
Churu,47.0,32.89,1005.56,8.48,678.76,83.61
Nagaur,40.31,35.92,989.19,20.2,543.44,78.47
Jaipur,47.92,25.68,993.68,7.43,779.23,98.56
Jaisalmer,42.23,32.81,1014.18,13.39,607.64,28.53
Churu,43.85,32.26,1009.82,9.24,608.2,47.67
Jaisalmer,46.2,30.21,1015.55,13.31,666.24,61.48
Jaisalmer,43.5,29.24,1007.95,18.51,696.51,74.8
Jaisalmer,45.61,24.35,1001.44,13.86,652.19,90.32
Jaisalmer,33.37,48.49,1008.47,15.42,407.08,1.06
Bikaner,44.13,32.7,997.21,9.0,630.89,83.21
Jaisalmer,28.31,45.76,1004.14,14.38,344.76,0.35
Jodhpur,43.48,31.23,1012.43,19.83,648.94,55.3
Jaisalmer,29.16,46.76,1010.32,14.06,485.61,0.46
Jaisalmer,40.57,36.31,1005.47,14.67,571.04,33.99
Jaipur,34.75,49.76,1006.01,14.56,477.55,2.82
Jodhpur,47.26,34.26,1012.1,18.21,664.37,75.96
Sri Ganganagar,33.01,47.92,1012.23,12.81,442.05,0.71
Nagaur,43.75,30.84,987.5,17.41,620.85,95.4
Churu,44.77,28.35,1004.67,7.51,621.47,72.68
Nagaur,30.12,51.54,1006.62,21.79,344.65,0.42
Jaipur,36.94,36.41,1003.4,10.86,499.41,12.09
Barmer,47.08,27.59,1004.58,13.55,732.6,92.83
Churu,35.52,35.39,996.51,20.03,531.03,28.23
Jaipur,43.98,37.76,999.58,10.05,651.41,76.62
Bikaner,44.11,33.55,1005.19,22.81,640.04,76.91
Jaipur,45.95,34.68,1006.76,13.6,595.0,69.32
Jaipur,47.55,25.97,1001.67,26.77,676.2,96.47
Bikaner,45.74,34.35,1005.47,13.88,687.06,81.69
Churu,33.38,47.14,1007.37,13.99,423.2,1.35
Sri Ganganagar,37.18,46.27,1009.87,8.48,520.68,4.09
Churu,36.39,36.01,1015.36,16.99,464.23,2.89
Nagaur,35.76,39.48,1008.12,15.6,496.66,5.47
Jaipur,45.63,24.24,1009.31,9.18,732.48,83.11
Jodhpur,43.55,26.56,996.21,21.17,639.89,91.77
Jaisalmer,41.44,33.12,1005.47,13.09,572.23,41.93
Bikaner,31.82,43.18,1001.62,15.54,417.53,2.2
Nagaur,36.91,34.55,1014.23,11.37,517.44,4.43
Churu,37.54,34.21,1006.42,11.4,502.11,11.55
Jodhpur,41.84,24.17,1011.18,9.83,584.68,37.49
Jaipur,43.54,32.0,1001.38,9.04,657.28,75.68
Churu,41.69,34.37,1008.88,19.53,573.87,38.61
Jaisalmer,40.19,39.21,1012.44,12.65,557.83,12.91
Jaipur,31.3,42.59,999.56,10.22,416.3,2.03
Sri Ganganagar,35.34,41.04,988.0,10.88,441.77,24.15
Jaisalmer,42.49,34.97,1006.47,14.98,606.9,50.7
Jodhpur,35.43,47.28,996.79,13.29,540.05,14.18
Jaisalmer,41.35,34.58,1006.16,20.9,587.05,47.4
Nagaur,42.21,36.99,1001.89,4.34,640.63,54.45
Jaisalmer,42.81,29.44,1002.84,18.2,624.91,74.34
Bikaner,45.3,28.38,996.39,10.8,628.69,90.8
Jaisalmer,46.4,34.95,1004.11,20.21,704.06,89.65
Jodhpur,28.34,49.48,1003.81,12.51,308.96,0.23
Barmer,42.39,26.17,1005.11,14.73,584.45,61.3
Jaisalmer,34.52,41.27,1010.98,21.16,409.6,1.95
Barmer,31.76,40.66,1002.5,11.31,412.2,1.81
Churu,47.66,23.19,999.74,12.84,703.41,96.49
Barmer,29.64,53.84,1015.04,14.78,420.4,0.14
Jaipur,30.61,31.14,1012.17,18.56,327.67,0.55
Sri Ganganagar,34.82,31.99,1005.37,15.6,478.04,7.51
Jaisalmer,49.35,24.34,1000.09,9.19,754.31,97.87
Bikaner,42.76,30.73,990.57,12.19,613.15,89.54
Jodhpur,28.51,46.75,1008.18,7.57,357.71,0.18
Bikaner,32.12,45.99,1010.38,6.98,529.92,1.02
Churu,45.98,39.07,998.15,18.95,690.59,91.86
Churu,33.54,41.69,1005.23,11.49,394.74,1.82
Barmer,45.01,29.14,1003.45,16.65,635.36,83.22
Bikaner,37.66,43.34,1005.77,15.7,535.16,11.8
Jodhpur,50.02,26.52,1006.42,23.84,728.2,97.26
Nagaur,39.95,30.22,1012.15,11.09,518.16,14.31
Sri Ganganagar,44.81,33.87,1011.57,13.11,673.38,60.39
Churu,31.71,56.14,998.45,7.02,430.39,1.27
Barmer,47.03,27.05,994.6,14.23,688.3,97.16
Barmer,43.98,37.9,1004.97,17.44,696.37,75.03
Jaipur,38.13,39.81,1002.97,14.82,517.61,18.04
Jaisalmer,34.63,40.36,1003.67,18.97,432.98,5.16
Jaipur,35.33,36.31,1005.27,9.55,468.8,5.35
Barmer,48.62,27.52,1008.08,15.12,757.34,94.11
Barmer,46.59,20.73,1007.2,9.86,637.84,85.07
Jodhpur,34.18,37.67,1001.13,16.61,387.89,4.94
Nagaur,41.56,36.24,999.71,17.74,632.06,68.7
Jaisalmer,34.52,46.68,1002.84,19.34,491.44,5.77
Bikaner,34.12,44.19,995.24,18.95,510.52,14.61
Churu,43.25,34.15,1004.51,17.25,609.94,64.99
Sri Ganganagar,35.35,30.58,999.4,24.06,487.82,23.46
Bikaner,32.82,42.35,1005.63,13.1,452.64,2.08
Barmer,48.38,25.76,1001.88,11.99,710.74,95.83
Jaipur,43.45,34.21,1011.6,14.11,569.65,36.63
Jaisalmer,31.39,40.38,1000.21,7.78,477.52,2.78
Bikaner,34.19,43.79,1001.7,12.82,491.2,5.41
Jodhpur,35.45,36.8,1006.73,20.19,539.18,10.02
Nagaur,35.8,39.08,1000.99,12.54,472.28,9.7
Bikaner,41.8,47.8,999.17,10.5,633.69,51.44
Nagaur,43.88,31.87,1005.24,14.04,552.33,58.42
Sri Ganganagar,33.32,37.67,999.7,13.93,440.54,5.67
Sri Ganganagar,35.56,45.45,1008.54,18.08,469.08,3.5
Jodhpur,50.69,20.51,1003.29,20.33,817.9,99.21
Barmer,31.88,43.48,1004.47,19.96,416.56,1.86
Bikaner,32.47,45.22,1010.02,7.88,498.32,1.05
Jaipur,39.76,30.94,1015.51,15.89,576.71,14.95
Bikaner,49.48,21.69,990.59,16.25,745.39,99.53
Churu,48.22,23.92,1004.43,18.67,705.11,95.73
Churu,29.63,49.92,1003.67,17.8,337.84,0.47
Nagaur,49.67,30.32,998.9,8.89,727.89,97.31
Nagaur,48.96,26.98,994.28,12.15,712.76,98.46
Churu,48.24,42.98,1014.3,13.09,710.03,68.63
Nagaur,47.99,15.64,1013.48,20.21,695.88,91.54
Jaipur,46.87,23.16,1012.11,5.72,678.16,76.51
Jaisalmer,49.41,31.69,1006.57,18.29,716.64,94.48
Jaipur,49.18,23.53,1001.83,12.15,677.24,96.34
Jodhpur,30.42,48.05,1019.86,18.14,371.18,0.11
Jaipur,30.77,44.98,1003.94,13.4,429.45,1.14
Sri Ganganagar,35.08,39.5,1004.48,18.33,517.45,8.59
Jaisalmer,30.54,50.72,1003.18,10.54,317.03,0.4
Churu,46.75,29.81,1005.14,13.53,688.83,88.37
Jaisalmer,38.6,36.35,1005.69,15.24,475.72,14.49
Nagaur,37.17,35.75,1007.66,19.69,519.44,12.71
Churu,37.28,41.04,1001.64,19.01,497.14,16.79
Nagaur,50.81,17.49,1003.18,10.61,756.2,98.62
Bikaner,37.6,42.0,1002.85,13.92,559.44,17.7
Jodhpur,40.35,32.37,1008.77,19.63,524.37,26.8
Churu,46.01,30.57,998.67,14.91,726.36,94.53
Jaipur,31.95,51.6,1004.36,13.09,377.06,0.78
Nagaur,28.3,54.55,1006.1,10.8,319.84,0.13
Churu,48.2,37.48,996.45,9.33,738.22,96.12
Jodhpur,39.58,38.7,1008.12,9.03,575.19,17.21
Jaipur,37.23,34.6,1007.74,10.6,483.25,8.01
Barmer,36.1,41.68,1003.91,16.02,473.89,7.71
Jodhpur,39.69,33.15,1015.72,21.85,555.25,14.4
Barmer,32.42,48.49,1007.54,12.99,408.36,0.84
Nagaur,43.44,32.5,1006.85,16.69,664.94,68.57
Jaipur,36.79,36.82,1002.8,10.09,467.2,10.01
Sri Ganganagar,49.46,29.32,1015.1,18.01,775.34,90.78
Sri Ganganagar,38.79,33.59,1006.65,20.48,499.9,20.65
Nagaur,29.66,50.9,1006.74,9.8,434.1,0.4
Jaipur,36.9,35.42,1003.15,8.69,508.32,12.47
Jodhpur,35.89,39.98,999.84,22.25,516.99,18.87
Jaipur,40.57,35.13,1008.89,7.05,582.63,22.25
Sri Ganganagar,34.93,33.61,1006.91,14.0,467.79,5.36
Sri Ganganagar,41.74,32.06,995.39,17.72,564.03,76.01
Bikaner,39.21,30.32,1008.51,19.54,568.5,28.53
Barmer,36.09,39.63,1008.83,17.46,518.89,6.62
Churu,44.68,32.86,1005.55,5.68,692.16,72.59
Bikaner,46.52,26.82,1008.49,13.38,660.55,82.32
Sri Ganganagar,36.91,32.94,1016.47,12.06,604.48,6.25
Churu,45.24,22.69,1004.31,19.05,626.44,87.25
Jaipur,36.75,38.63,999.65,21.99,448.68,17.43
Bikaner,38.93,36.37,1008.91,8.93,580.61,15.49
Jaisalmer,43.33,17.91,1005.62,7.09,578.79,67.41
Jodhpur,47.3,21.8,1003.77,17.36,758.51,96.49
Bikaner,44.12,29.62,1008.85,16.01,633.14,65.66
Nagaur,29.57,50.47,1002.82,5.77,438.56,0.56
Churu,40.78,27.46,1005.82,20.87,536.1,45.75
Churu,37.9,39.68,1000.14,24.92,550.98,34.84
Jaipur,34.59,48.75,1005.42,16.54,502.03,3.79
Jaisalmer,43.34,34.6,1003.08,15.67,632.9,70.39
Bikaner,30.13,51.44,1006.14,14.65,381.33,0.42
Churu,40.25,44.83,1010.42,12.01,526.35,10.47
Nagaur,48.66,21.34,1003.8,15.83,696.88,96.34
Nagaur,32.42,48.16,1012.68,12.75,529.56,0.95
Sri Ganganagar,34.43,42.64,1001.52,11.04,496.3,5.96
Bikaner,29.95,54.66,1001.63,5.55,366.33,0.38
Jaipur,31.15,36.28,1001.32,17.83,427.1,3.09
Jaipur,38.92,39.06,1003.0,14.15,535.74,23.42
Jaisalmer,29.45,51.46,999.59,8.88,355.31,0.53
Jodhpur,33.44,28.04,1001.83,11.56,473.29,7.94
Barmer,33.87,39.04,1010.52,13.87,470.84,2.09
Churu,28.84,52.05,1004.61,11.4,301.86,0.19
Jaisalmer,42.18,30.88,1008.21,7.58,658.01,48.81
Sri Ganganagar,30.45,40.64,1004.13,21.99,426.23,1.75
Bikaner,47.51,21.78,1007.91,10.76,668.17,88.78
Sri Ganganagar,35.31,44.05,1004.55,18.63,569.84,9.89
Jaipur,35.3,40.12,997.1,15.32,464.77,13.17
Jaisalmer,28.37,46.11,1007.71,10.31,363.89,0.22
Jaipur,37.06,35.86,1009.16,11.69,529.61,8.32
Jaipur,42.92,33.33,1007.61,12.02,587.85,46.42
Jaisalmer,38.96,31.22,1012.55,18.55,488.61,11.56
Bikaner,45.4,21.91,1002.47,11.77,667.7,89.87
Jaipur,38.36,34.79,996.23,12.02,555.16,43.07
Barmer,32.68,40.28,1012.45,12.18,436.25,0.87
Jodhpur,28.2,39.24,1001.27,14.03,331.34,0.6
Jaipur,49.0,31.69,1000.71,8.51,784.9,96.93
Jaisalmer,37.86,30.89,1007.14,17.35,535.52,19.27
Barmer,32.71,45.54,1009.15,13.19,409.79,0.89
Barmer,32.68,41.66,1003.24,6.79,413.29,1.7
Jaipur,37.99,36.0,1005.46,19.73,498.8,17.15
Bikaner,39.25,33.84,1001.4,16.13,544.18,37.47
Bikaner,34.9,33.74,1004.27,8.21,406.91,4.04
Barmer,47.91,36.07,1006.8,17.18,643.41,84.6
Churu,28.17,52.18,1012.13,13.45,337.51,0.09
Sri Ganganagar,35.15,45.65,1004.96,3.15,458.13,2.47
Jodhpur,46.35,28.0,1008.57,2.21,659.69,72.56
Bikaner,45.41,33.55,1005.25,17.13,678.54,82.49
Jaisalmer,47.01,24.74,1003.37,14.06,711.35,93.83
Churu,39.56,37.65,1009.05,8.24,574.49,15.85
Bikaner,34.85,39.39,1012.31,11.01,453.81,1.74
Bikaner,36.64,28.45,1001.99,13.64,479.87,18.2
Jaisalmer,44.32,32.07,1000.81,9.77,620.41,77.21
Jaipur,29.82,43.42,999.15,13.64,411.78,1.54
Barmer,46.02,28.18,1007.78,5.46,779.88,86.06
Jaisalmer,39.72,35.59,1004.49,17.39,560.23,33.26
Sri Ganganagar,50.13,9.83,1005.34,15.22,704.68,98.34
Nagaur,49.9,27.87,1006.8,20.16,757.67,96.94
Barmer,29.9,44.07,999.65,5.48,387.14,0.9
Bikaner,30.65,43.94,1010.86,10.13,459.28,0.54
Jaipur,41.13,34.1,1006.62,23.28,567.06,44.5
Jodhpur,32.9,44.34,1003.53,11.41,426.31,1.98
Jaipur,39.85,41.58,1000.97,12.02,518.04,26.74
Churu,28.67,47.22,995.2,11.0,405.92,1.3
Bikaner,33.48,41.65,997.26,14.82,536.5,11.28
Jaisalmer,47.43,28.69,1000.6,18.28,713.95,95.91
Jaisalmer,47.96,35.19,1005.92,10.21,699.84,87.3
Nagaur,34.04,49.16,1007.94,15.29,419.84,1.41
Jaisalmer,33.7,45.1,1003.49,13.7,472.26,3.38
Bikaner,31.69,40.59,1001.44,12.47,399.28,1.97
Churu,29.13,38.0,999.52,13.51,300.0,0.82
Jaipur,44.36,38.25,1003.73,25.05,658.53,80.37
Jodhpur,33.56,47.24,1009.83,10.1,458.15,1.11
Churu,28.18,48.47,1005.75,10.4,300.0,0.16
Churu,28.7,45.61,1011.72,11.79,348.92,0.15
Jaisalmer,30.74,44.12,1001.55,10.42,366.7,0.96
Jaisalmer,30.89,39.19,1001.4,11.88,347.39,1.23
Jaisalmer,28.17,41.12,1005.92,6.83,300.0,0.19
Jaipur,29.56,39.75,1001.1,21.66,379.48,1.55
Bikaner,45.17,27.04,999.92,10.5,687.44,90.36
Bikaner,43.95,27.24,1008.59,11.02,673.08,68.84
Jaisalmer,50.63,30.07,1014.9,2.65,720.37,83.85
Nagaur,41.07,32.93,995.0,18.3,513.11,66.66
Churu,32.01,51.86,1007.14,11.8,420.04,0.69
Jaipur,39.32,30.98,1001.3,3.82,555.59,31.79
Jaisalmer,38.26,27.72,1006.67,7.83,528.12,17.75
Churu,30.44,47.8,1008.34,11.95,405.35,0.44
Bikaner,28.89,54.08,1005.65,18.04,341.35,0.25
Jaipur,28.79,42.85,1006.8,5.29,342.39,0.23
Jaisalmer,34.1,39.5,1003.9,12.23,565.01,7.47
Jaisalmer,40.15,30.0,1003.57,18.44,583.12,49.69
Jaipur,45.07,23.03,1008.59,7.56,679.67,76.98
Churu,31.12,40.45,998.17,14.73,429.58,3.25
Churu,38.44,50.39,1005.58,12.81,488.28,7.39
Nagaur,34.06,42.54,1004.07,17.82,479.56,4.79
Churu,36.0,42.76,1006.39,28.82,537.01,12.23
Bikaner,50.6,23.78,1006.64,13.42,741.35,97.07
Jaisalmer,29.48,51.54,1007.29,13.42,422.18,0.37
Nagaur,49.36,18.7,1007.8,10.26,736.17,95.78
Nagaur,49.02,28.85,1006.29,8.67,772.44,94.58
Jaisalmer,35.26,41.49,1000.49,14.51,461.37,8.13
Bikaner,44.46,36.04,1003.24,14.04,715.47,81.88
Nagaur,37.69,38.86,996.45,12.94,571.58,36.49
Jodhpur,40.12,43.58,1007.89,18.15,605.11,25.05
Bikaner,32.33,48.42,1006.63,20.34,439.48,1.48
Jodhpur,40.45,34.24,1006.39,17.53,554.12,33.39
Sri Ganganagar,45.06,24.65,1006.39,9.65,643.34,77.77
Nagaur,35.03,43.1,1011.54,14.12,443.86,1.78
Jodhpur,30.43,46.19,1011.85,20.47,415.51,0.47
Jaisalmer,43.19,34.68,1008.65,17.24,623.24,53.95
Bikaner,42.73,33.27,1003.19,14.39,596.69,61.95
Churu,46.15,25.35,1006.49,11.51,681.96,85.88
Jaipur,32.87,44.23,1002.18,18.41,437.7,3.24
Sri Ganganagar,45.34,31.92,1001.79,4.6,699.28,83.88
Jodhpur,45.36,27.1,993.9,15.15,660.71,95.41
Jaisalmer,50.63,23.58,1008.67,16.77,743.25,96.84
Jodhpur,30.38,48.07,1006.77,17.29,390.06,0.58
Bikaner,39.98,31.15,1003.72,11.35,606.7,43.16
Churu,30.41,51.39,1003.67,8.28,415.0,0.58
Jaipur,40.53,33.7,1002.71,7.64,550.4,35.02
Bikaner,43.7,24.36,1007.26,13.73,610.59,68.19
Sri Ganganagar,39.74,34.12,998.6,8.74,540.33,40.71
Sri Ganganagar,43.51,26.04,1007.45,13.09,634.69,67.35
Barmer,47.71,26.22,1009.41,6.45,702.53,85.27
Bikaner,35.14,41.71,1007.65,13.5,476.2,3.63
Jodhpur,34.24,34.08,999.41,17.24,504.15,13.78
Bikaner,42.42,33.98,1002.11,17.5,560.81,59.98
Barmer,47.98,31.12,1003.59,22.65,676.18,94.1
Bikaner,49.06,33.2,1002.71,11.02,717.18,94.51
Bikaner,45.98,25.74,999.04,13.0,641.14,92.05
Barmer,42.48,26.58,1002.14,12.31,603.8,69.85
Jodhpur,43.13,36.24,1007.01,9.99,580.01,42.86
Jaipur,38.26,41.85,1008.86,11.7,491.4,7.11
Jaipur,39.5,36.62,998.99,18.82,571.52,49.44
Nagaur,46.32,33.32,1004.2,22.65,620.63,85.89
Churu,48.93,27.97,997.46,14.36,717.5,97.89
Jaipur,33.44,44.99,1000.79,14.34,367.1,2.41
Jodhpur,50.06,28.01,998.15,7.87,798.52,98.64
Sri Ganganagar,31.31,37.83,1016.67,12.8,409.92,0.36
Churu,45.17,24.06,1001.13,10.01,579.8,82.87
Jaipur,47.09,20.19,1000.24,15.93,727.11,97.11
Churu,29.22,44.34,1006.27,15.29,393.0,0.51
Jodhpur,39.04,49.8,1001.18,22.74,533.17,24.22
Barmer,44.54,26.86,1004.34,10.48,615.92,75.36
Nagaur,35.71,39.51,1007.76,17.52,575.06,9.34
Churu,38.5,29.9,1003.37,12.75,534.59,27.95
Bikaner,37.35,38.64,1006.4,16.79,413.33,6.75
Churu,28.65,44.44,1010.52,21.07,396.2,0.34
Jaisalmer,50.21,27.19,997.19,18.11,711.35,98.75
Jaipur,50.38,24.73,997.71,13.66,738.76,98.85
Sri Ganganagar,36.96,42.53,1010.11,10.63,481.45,3.89
Nagaur,28.96,42.04,1004.31,8.72,409.82,0.57
Sri Ganganagar,28.16,51.59,1008.41,13.05,345.01,0.14
Nagaur,45.07,33.88,1004.56,9.19,670.21,76.07
Jodhpur,37.21,37.18,1007.36,13.54,578.0,13.63
Jaipur,43.46,26.14,1009.92,17.02,606.45,59.81
Jaisalmer,32.62,44.43,1006.89,14.41,431.66,1.43
Barmer,41.05,35.86,1003.34,10.6,523.62,33.1
Barmer,50.09,25.1,1001.12,14.99,768.29,98.5
Jaipur,35.86,43.42,1007.5,9.94,505.98,4.25
Jodhpur,45.6,23.46,1002.91,8.77,685.71,89.04
Jaipur,32.9,38.34,1006.04,20.3,465.65,3.51
Jaisalmer,42.42,36.42,1000.52,0.0,614.65,52.44
Nagaur,47.93,37.36,1004.08,11.07,739.54,90.91
Jaipur,47.63,26.19,1000.82,11.33,715.06,95.41
Jaipur,50.1,26.35,1005.45,12.63,728.23,96.34
Sri Ganganagar,44.41,31.89,1008.45,13.0,604.29,59.11
Sri Ganganagar,30.69,50.08,1004.63,10.15,404.37,0.61
Jaipur,49.53,28.7,1002.67,2.4,768.88,95.96
Barmer,46.33,34.09,1000.23,11.78,673.46,89.36
Sri Ganganagar,37.28,37.21,993.95,6.47,533.8,31.73
Barmer,41.91,46.01,1009.96,15.1,587.87,22.97
Jaipur,38.6,38.84,994.46,3.75,570.29,39.05
Jodhpur,43.46,25.51,998.83,13.95,574.09,80.88
Barmer,45.47,32.84,998.53,13.72,650.99,89.15
Nagaur,34.58,41.0,1005.1,14.79,499.99,5.25
Jaipur,47.61,28.93,1001.62,20.6,667.98,94.71
Sri Ganganagar,32.35,37.76,1000.56,6.08,432.82,2.82
Jaisalmer,32.51,45.89,1004.13,5.46,444.43,1.35
Jaisalmer,39.35,32.94,1003.83,15.07,624.23,42.73
Nagaur,30.61,47.33,1008.51,4.44,400.77,0.33
Bikaner,41.53,28.11,1006.77,13.0,603.46,49.4
Bikaner,28.41,45.59,1001.33,14.93,381.03,0.64
Jaisalmer,40.26,36.66,1003.85,11.29,584.23,34.78
Jaisalmer,31.87,30.01,1017.97,16.66,425.56,0.67
Churu,43.47,34.26,999.51,24.1,630.88,84.18
Jodhpur,45.1,26.52,1005.31,12.62,668.5,82.76
Bikaner,28.36,49.38,1007.37,13.6,328.44,0.18
Jodhpur,50.69,25.04,999.79,29.38,812.84,99.53
Barmer,48.3,17.48,1006.68,14.31,787.12,97.07
Sri Ganganagar,30.68,47.25,1008.47,10.28,381.59,0.39
Jaisalmer,30.13,44.76,1005.34,9.22,403.08,0.6
Jaisalmer,47.37,23.77,1010.94,15.14,724.11,88.88
Barmer,45.65,29.2,1007.12,19.18,641.21,81.22
Sri Ganganagar,39.42,34.31,999.25,20.04,529.1,45.86
Jodhpur,34.16,54.3,1009.01,8.14,391.54,0.63
Churu,36.43,39.9,1000.42,11.41,554.83,17.04
Churu,39.35,35.66,1003.21,15.63,551.02,31.58
Barmer,42.82,36.64,1005.41,14.49,580.74,49.6
Jaisalmer,39.51,29.51,1002.54,14.6,522.37,36.47
Churu,32.0,48.48,994.24,21.67,466.92,7.01
Churu,50.79,23.85,1007.51,7.1,763.68,96.53
Jaisalmer,47.38,29.57,1002.9,12.55,675.05,91.36
Jaipur,49.64,31.35,1008.78,20.18,732.57,94.4
Bikaner,43.01,28.29,996.88,12.07,637.61,84.85
Sri Ganganagar,46.49,24.86,1003.1,8.97,598.73,84.91
Sri Ganganagar,47.96,29.44,1002.46,8.33,703.17,92.92
Barmer,50.18,19.43,1007.65,20.06,790.53,98.28
Jaisalmer,35.16,38.36,1011.99,21.64,475.72,3.55
Nagaur,41.01,32.34,1003.86,20.16,517.34,43.6
Churu,36.32,48.89,1006.0,9.37,461.37,3.31
Bikaner,32.47,33.34,1008.2,15.25,408.05,1.83
Barmer,39.72,24.78,1007.46,13.43,583.61,37.02
Bikaner,48.04,19.67,999.24,9.71,704.16,97.16
Sri Ganganagar,31.87,42.27,998.42,9.09,386.44,2.2
Jaipur,43.46,37.34,1006.05,14.99,635.24,59.66
Jaipur,50.54,32.45,1006.09,14.04,746.21,95.98
Sri Ganganagar,31.42,42.14,1012.74,16.94,408.89,0.56
Jaisalmer,49.74,22.89,1003.49,6.03,732.82,96.59
Jaipur,42.48,36.46,1000.44,14.31,702.83,77.23
Jodhpur,47.09,21.72,1009.21,17.66,715.24,91.39
Sri Ganganagar,29.24,50.98,1012.43,15.55,393.1,0.18
Sri Ganganagar,40.82,29.81,1008.69,9.79,586.01,31.75
Jodhpur,44.73,25.45,1005.09,23.79,578.35,81.08
Barmer,35.58,45.03,1003.73,17.65,500.47,7.28
Jaipur,41.41,34.12,1005.3,11.83,592.22,42.69
Nagaur,39.78,39.92,1002.09,7.65,544.45,25.09
Jaisalmer,48.38,30.32,1007.06,10.73,750.48,92.2
Bikaner,38.7,30.4,1003.1,17.05,480.41,26.15
Nagaur,44.9,29.79,994.9,14.95,626.76,92.01
Bikaner,40.71,25.62,1005.0,14.43,561.86,47.49
Jaisalmer,50.99,18.48,1012.17,17.82,701.54,95.87
Jaisalmer,50.93,14.97,998.83,7.04,830.86,99.48
Nagaur,43.76,40.72,1002.82,12.02,672.47,68.93
Nagaur,49.48,29.05,1008.53,16.42,779.14,95.5
Barmer,40.58,40.68,1007.61,17.64,665.1,38.85
Bikaner,30.92,41.68,1018.06,13.8,346.36,0.16
Jaisalmer,39.33,34.1,1005.67,12.62,548.19,24.34
Churu,37.45,35.93,999.7,10.75,544.49,24.75
Jodhpur,50.62,18.0,1007.15,5.46,775.58,97.39
Barmer,43.71,33.25,1005.71,6.09,634.84,58.6
Jaipur,45.19,30.74,995.97,17.72,714.82,95.19
Jaipur,46.23,26.65,1008.36,14.96,726.05,87.45
Nagaur,30.66,38.85,1001.99,10.38,397.8,1.39
Jaisalmer,41.96,35.63,1001.06,9.65,600.85,56.26
Churu,43.46,35.54,999.23,9.92,672.89,78.96
Jaipur,41.47,29.12,1010.8,9.04,570.31,28.26
Churu,43.56,33.9,1001.08,15.64,597.83,72.89
Churu,37.67,36.71,1004.43,15.09,506.13,15.23
